#{"t_start": 1767475268.312368, "env_id": null}
r,l,t
-1005.917459,40,0.06084
-906.827151,35,0.111823
-1006.4713,35,0.159213
-1006.966032,37,0.207236
-1008.710721,36,0.260058
-1008.433613,42,0.315944
-1008.479757,43,0.370315
-910.515547,37,0.413199
-906.191409,39,0.466064
-1009.428335,35,0.514942
-1009.971883,54,0.590521
-1009.082827,45,0.649497
-1008.618174,38,0.707634
-1008.319749,40,0.767597
-1009.391457,54,0.838613
-1006.70102,34,0.88664
-1005.21173,31,0.927631
-904.533942,29,0.967098
-1009.297614,37,1.020227
-1010.152001,47,1.083064
-1011.651668,58,1.167543
-1006.669927,46,1.229376
-1008.943007,36,1.277254
-1009.177657,37,1.328116
-1007.857039,32,1.371003
-1007.937603,35,1.413888
-1008.65514,34,1.455783
-1010.158728,35,1.502217
-1008.262924,32,1.542109
-1008.380104,42,1.594968
-1011.405005,56,1.664785
-1010.930013,45,1.720638
-904.869832,31,1.758542
-1009.635911,31,1.799433
-1008.577633,34,1.838335
-1006.919997,35,1.881226
-907.613937,41,1.932131
-1007.403346,35,1.975029
-1006.522442,35,2.018014
-909.669321,50,2.084958
-1007.842257,40,2.132941
-1006.902636,35,2.17394
-1008.332073,41,2.225959
-908.241695,37,2.270931
-1007.400894,40,2.326979
-912.550072,78,2.424955
-1007.906662,37,2.473971
-1008.063345,41,2.51899
-1007.239461,35,2.562986
-1007.770264,31,2.601977
-1009.929195,47,2.655946
-1007.51623,41,2.710989
-1008.048986,31,2.752019
-1009.669843,31,2.789007
-1006.84281,40,2.840028
-1007.739593,36,2.883018
-1007.97283,39,2.937981
-908.797051,45,2.990071
-1007.559222,35,3.040081
-910.146312,39,3.093169
-1006.262901,47,3.154017
-1006.871208,41,3.202993
-1007.609871,43,3.266017
-1009.089548,33,3.309051
-1007.522781,43,3.366028
-1008.405613,41,3.416977
-908.038799,37,3.463918
-1009.381924,32,3.508972
-1008.016776,36,3.551123
-1014.186507,52,3.615094
-1008.499818,35,3.659066
-906.737999,40,3.707056
-1008.279931,35,3.747111
-906.287509,39,3.798039
-1010.308561,41,3.854132
-1007.898878,32,3.889089
-1008.506138,33,3.928108
-1009.125682,30,3.969072
-1008.237296,39,4.025085
-1009.598301,34,4.074087
-1012.104603,42,4.133021
-1008.337352,30,4.170059
-1009.463822,37,4.217113
-1008.315949,33,4.262094
-1007.036929,35,4.301072
-1007.782324,35,4.346004
-1008.319945,32,4.386153
-1007.868502,33,4.425106
-1007.675671,35,4.467159
-1010.635853,47,4.524125
-1008.396674,33,4.572147
-1008.106705,32,4.615122
-1008.308787,34,4.657111
-1008.680565,31,4.693087
-908.148513,34,4.741136
-1007.751344,37,4.789138
-1008.697286,31,4.83311
-1009.824351,36,4.882158
-1006.876003,34,4.928162
-1005.741267,36,4.971162
-1008.421508,39,5.015188
-908.89903,34,5.055104
-908.227274,40,5.108154
-907.927713,38,5.161189
-1008.735579,32,5.205194
-807.999164,38,5.253209
-1009.883515,39,5.30823
-1009.22498,32,5.343199
-906.495681,41,5.396155
-1007.005408,37,5.438181
-906.009989,34,5.481215
-1006.127461,37,5.527533
-1008.862502,30,5.562134
-1008.113486,34,5.608213
-907.236531,38,5.652159
-1010.286808,44,5.710212
-1006.356003,32,5.751197
-1008.139344,41,5.806244
-1006.965016,35,5.859245
-1009.930152,39,5.913271
-1010.13296,45,5.97223
-1005.163643,27,6.008241
-1009.390158,40,6.059374
-1009.995498,35,6.102272
-1009.570874,56,6.16627
-905.790064,34,6.205242
-1006.77622,37,6.251249
-606.921704,38,6.29921
-1007.934273,33,6.346243
-1007.874064,32,6.389262
-1006.612681,37,6.43424
-1009.13473,33,6.478323
-1006.876753,37,6.524232
-905.600193,30,6.56321
-1006.81527,36,6.608313
-1008.191802,33,6.646254
-1005.761693,35,6.687221
-1009.342753,31,6.726264
-1007.658195,34,6.766295
-1007.209359,32,6.80824
-907.024343,32,6.845263
-910.570356,35,6.891309
-1007.825757,33,6.939258
-1010.574632,38,6.983296
-906.074526,29,7.021287
-908.411602,31,7.057742
-1008.709993,30,7.097767
-1007.565107,38,7.15345
-1010.1069,36,7.198428
-1008.744401,32,7.242436
-1008.422881,32,7.287289
-1008.926883,30,7.329344
-1006.425638,37,7.409302
-1007.192612,40,7.464325
-1007.454368,35,7.507287
-1006.438733,34,7.552323
-1008.879918,33,7.599261
-1007.779684,37,7.644433
-1008.795776,31,7.685393
-908.256398,34,7.726346
-1007.563099,33,7.770325
-1009.306836,37,7.819336
-1007.936261,39,7.864346
-1008.137469,38,7.909337
-1008.027639,38,7.954345
-1006.370891,33,7.997852
-1007.176156,41,8.047838
-1008.727293,35,8.093398
-904.916252,29,8.130386
-1010.301194,34,8.170431
-1007.669483,32,8.211341
-1006.649699,36,8.258518
-1008.53286,33,8.305402
-908.021423,39,8.353355
-1007.51338,45,8.419377
-907.498563,33,8.469371
-1006.839042,35,8.507822
-1008.269751,35,8.545273
-1008.61437,31,8.578456
-1006.028389,34,8.622344
-1008.660449,36,8.667824
-1009.481827,31,8.704323
-1007.878799,31,8.748455
-1008.816815,32,8.785372
-1006.973685,31,8.82139
-1007.937537,30,8.859426
-1006.495579,41,8.912386
-1008.834797,31,8.954427
-1007.440618,37,9.005357
-1007.082442,38,9.054374
-1006.687735,35,9.095357
-1008.439113,33,9.13245
-1007.875189,33,9.172448
-1009.066319,39,9.228396
-907.00877,36,9.276417
-1007.523602,34,9.319407
-1008.606488,31,9.359384
-1008.6752,43,9.408411
-908.012296,37,9.460447
-1006.581418,37,9.503473
-1008.607952,37,9.548418
-1008.439682,45,9.602439
-1007.538435,35,9.647512
-906.857892,45,9.702505
-1008.561588,41,9.747522
-1006.277499,37,9.793491
-1007.103549,44,9.858526
-1009.443954,33,9.908456
-1009.985466,32,9.946408
-1007.065882,37,9.986488
-907.404801,32,10.025451
-1006.019232,37,10.07242
-907.316623,38,10.126478
-1009.389272,31,10.168467
-1009.579458,31,10.201417
-1008.005831,40,10.248003
-1008.848127,32,10.291466
-1007.813603,42,10.350489
-1007.575311,39,10.396565
-1007.018455,41,10.452546
-1007.702345,36,10.496493
-1008.169783,39,10.550457
-907.98608,35,10.596518
-908.02067,44,10.653537
-1008.954277,31,10.690535
-1007.950703,36,10.741505
-1006.78627,35,10.78857
-1007.789078,35,10.839501
-1009.487918,35,10.88155
-1008.171344,43,10.930532
-1008.637783,31,10.974553
-1008.741834,32,11.0125
-1009.670238,31,11.049511
-1007.748059,36,11.089577
-1009.155604,44,11.15254
-1007.797303,39,11.201698
-1009.064977,52,11.275577
-1007.781039,45,11.330523
-1008.84051,31,11.371607
-1006.837503,36,11.419545
-1009.716065,35,11.471584
-1006.977073,39,11.517822
-1007.889852,37,11.560835
-1007.468593,36,11.611733
-1007.638756,33,11.649641
-1007.510668,44,11.697587
-1008.535039,37,11.740578
-1007.661369,40,11.800573
-1010.401117,42,11.855608
-1008.415704,32,11.89359
-908.347602,44,11.951594
-1008.361236,35,11.993628
-1008.174865,37,12.046627
-1008.215086,35,12.096597
-1007.45188,35,12.14561
-1007.472911,34,12.18867
-1009.467505,36,12.230634
-1007.569743,45,12.287703
-1009.232005,35,12.33466
-1007.632503,35,12.378153
-1009.371062,38,12.428722
-1008.250777,40,12.475659
-1007.691983,40,12.524682
-1008.692264,38,12.575655
-908.97124,32,12.617643
-1008.086468,32,12.66468
-1007.967022,37,12.721678
-1008.396582,31,12.758628
-1009.150509,33,12.79969
-1006.758102,38,12.84265
-1011.394364,43,12.896613
-1009.108766,47,12.955705
-1007.126842,48,13.015678
-1007.392966,42,13.066643
-1008.694713,31,13.108742
-1009.078706,32,13.148664
-1007.650202,33,13.189688
-1007.765048,38,13.235678
-1009.974343,40,13.289714
-1008.080414,38,13.338188
-1007.421612,35,13.381707
-908.111474,35,13.430695
-1008.493782,48,13.490729
-1007.689602,33,13.52883
-1007.885874,39,13.583779
-1011.798792,39,13.633718
-1008.325016,40,13.690194
-1009.40449,33,13.731097
-1006.939672,38,13.78695
-1007.949045,39,13.836827
-1008.685552,46,13.894724
-1008.815066,43,13.945719
-1007.216785,34,13.987787
-1008.518754,32,14.025758
-1007.619533,37,14.070717
-707.881021,34,14.116793
-1008.159893,34,14.158263
-1010.478041,38,14.201744
-908.036285,34,14.249718
-906.923811,41,14.299764
-1008.503533,42,14.347775
-1006.273728,32,14.390752
-1008.068734,33,14.425752
-907.009736,37,14.46981
-1008.363562,38,14.517811
-1008.671851,37,14.573767
-1007.827873,33,14.609788
-1007.269249,39,14.660765
-1007.225941,37,14.712754
-1007.201651,34,14.755759
-1009.145388,35,14.798862
-1009.300436,37,14.851868
-1010.124311,36,14.90374
-1009.243829,35,14.949747
-1009.254161,42,14.998334
-1007.848287,37,15.049808
-1007.988163,35,15.095822
-1007.657829,38,15.1409
-1008.253838,36,15.189846
-1006.617578,34,15.230848
-1010.466388,42,15.283844
-1008.045656,34,15.326853
-1008.490853,34,15.367925
-1010.458521,36,15.41482
-1006.824955,32,15.45486
-1007.77106,36,15.500873
-1010.171376,40,15.555851
-1006.570452,35,15.605871
-1007.871585,37,15.664901
-1007.846947,34,15.700902
-1007.93459,36,15.750834
-905.852337,41,15.803924
-1009.291504,35,15.855856
-1006.421982,34,15.901811
-1008.428206,41,15.953705
-1006.485601,39,16.003761
-1008.877175,37,16.046881
-1007.051477,39,16.098418
-1008.903816,36,16.14093
-1008.807731,30,16.17492
-1010.079963,37,16.21887
-1006.324061,33,16.263968
-907.04981,36,16.309941
-1006.678721,36,16.353917
-1009.764314,34,16.396846
-1008.260971,38,16.442978
-1008.806788,36,16.489865
-1008.832996,35,16.536928
-907.854782,33,16.580881
-1008.297029,36,16.631986
-906.502743,37,16.680904
-1007.36113,35,16.730837
-907.819361,32,16.777831
-1007.964917,34,16.818017
-1006.471286,41,16.867908
-1009.610654,34,16.911936
-1006.748838,34,16.948408
-1008.75503,36,16.992903
-907.790747,33,17.035861
-1008.87496,33,17.076949
-1007.500515,34,17.122968
-908.442524,35,17.171935
-1008.360389,42,17.228991
-1007.167576,34,17.276917
-1008.017484,35,17.325934
-1009.750826,34,17.364971
-1007.164916,35,17.41195
-1009.582028,35,17.454961
-1006.21196,37,17.497973
-1006.834421,43,17.552951
-1006.567645,37,17.600952
-1007.591555,36,17.647968
-1007.976379,39,17.696939
-1008.9881,35,17.744954
-1006.434537,37,17.795002
-1009.196766,39,17.844015
-1008.068045,34,17.888538
-907.902347,33,17.924968
-907.108743,39,17.976007
-1007.550611,33,18.016959
-1009.526299,34,18.061789
-1008.706349,34,18.104808
-1009.11427,36,18.160029
-1006.933148,35,18.206017
-1007.836762,34,18.253032
-1008.272641,40,18.312049
-907.840159,31,18.359082
-1008.615695,35,18.401077
-1008.415061,39,18.455036
-1008.062489,35,18.500064
-1008.51951,38,18.551985
-1008.976781,36,18.597039
-1006.523049,41,18.645122
-1008.079146,37,18.699131
-1009.477106,37,18.746011
-907.558447,36,18.790984
-1007.698269,37,18.84594
-1008.459909,38,18.88907
-1006.710381,39,18.943063
-1007.051149,36,18.985092
-1008.66402,36,19.04209
-1008.512532,31,19.07844
-1008.734046,32,19.119029
-1008.373447,32,19.158024
-1006.964976,38,19.202119
-1007.373309,37,19.250117
-1007.634356,36,19.294092
-1007.724621,39,19.346097
-1008.56163,42,19.404222
-1008.184653,33,19.446143
-1007.879507,35,19.490091
-1007.714371,34,19.530166
-1008.688335,36,19.580128
-1007.710273,38,19.624131
-1007.02153,39,19.676082
-1006.965591,39,19.727139
-1007.290814,37,19.779192
-1008.288392,37,19.825142
-908.858687,49,19.878641
-1007.343501,33,19.918665
-1007.154964,39,19.971259
-1006.851284,40,20.022183
-1008.719366,34,20.064217
-1008.660219,32,20.100174
-1008.339305,39,20.154228
-1007.772199,35,20.200177
-1007.714298,32,20.238184
-1007.085016,34,20.281296
-1007.352952,35,20.327243
-907.337722,39,20.375207
-1006.535962,37,20.419176
-906.218691,39,20.46519
-1007.080069,38,20.518192
-1006.875098,38,20.564198
-1007.799388,33,20.610232
-908.801922,36,20.656236
-1007.146391,39,20.712204
-1009.03503,30,20.753227
-1008.70259,37,20.794219
-1007.629317,33,20.844204
-1007.171649,33,20.884226
-906.874621,43,20.945355
-1006.899055,37,20.98338
-1009.01568,36,21.030262
-1007.130838,38,21.074264
-1007.316464,39,21.134264
-1007.669686,33,21.188245
-1007.324153,38,21.237242
-1008.499268,32,21.276223
-1007.551227,32,21.315247
-1007.473356,38,21.363285
-1008.364518,38,21.407234
-1007.659338,32,21.454206
-1007.635898,37,21.501282
-1008.338746,30,21.537202
-907.829733,36,21.583179
-1009.407926,38,21.63726
-1008.81961,32,21.678344
-706.722047,38,21.726257
-908.497197,37,21.777314
-1008.368241,33,21.821357
-1008.323044,32,21.860302
-1008.625024,39,21.909374
-1007.905816,38,21.960339
-1009.709271,32,21.995341
-1007.013942,40,22.051275
-1006.481863,36,22.09828
-1008.620468,32,22.141367
-1006.954176,38,22.186293
-1009.009628,31,22.228287
-1008.918052,37,22.278345
-1008.088808,37,22.331319
-907.487368,35,22.374227
-1006.636539,33,22.416405
-1008.038138,35,22.460303
-1008.715622,37,22.504325
-1006.770366,38,22.550261
-1008.488317,34,22.593299
-1008.736759,32,22.63526
-1008.02216,33,22.677325
-1008.644036,32,22.716316
-906.414968,37,22.75732
-1008.082005,32,22.798867
-1009.16714,39,22.850353
-1007.615281,36,22.895313
-1007.293765,34,22.944346
-907.593891,32,22.981358
-1006.707489,37,23.024349
-1008.183592,34,23.062283
-1008.926764,31,23.097351
-1007.437521,37,23.152419
-1006.510579,37,23.194363
-1007.808441,38,23.243343
-909.736808,36,23.286354
-1006.960403,37,23.330418
-1007.416231,34,23.373405
-1010.301293,39,23.426397
-907.390788,35,23.472378
-1009.090145,31,23.515398
-1008.218513,32,23.557349
-1009.852232,37,23.602367
-1007.38994,33,23.644435
-906.637193,38,23.695396
-1006.919347,35,23.742424
-1008.30998,32,23.783427
-1009.060604,36,23.82643
-1008.562561,33,23.863441
-1008.039406,32,23.902385
-1007.400973,32,23.943361
-1007.680218,32,23.991412
-1007.058833,35,24.044406
-1007.626939,33,24.085444
-908.543895,37,24.133423
-1008.486919,35,24.182425
-1008.4239,34,24.221427
-908.435014,34,24.266446
-1008.909925,34,24.316605
-1006.94296,35,24.364547
-1008.680051,38,24.40554
-1006.899407,38,24.444567
-1008.700055,32,24.489455
-1008.949616,41,24.54352
-1008.425688,38,24.593483
-1007.316844,37,24.637436
-1008.035607,42,24.687447
-909.54774,37,24.74047
-907.092432,37,24.786449
-907.090144,33,24.831498
-1008.407527,32,24.866496
-1009.360224,32,24.901486
-1007.224975,33,24.944596
-1008.541277,32,24.981479
-907.360663,45,25.032516
-909.523251,34,25.075511
-1007.501979,41,25.126426
-1006.572568,34,25.16343
-1008.479452,39,25.217448
-909.00534,44,25.278598
-1008.744172,39,25.327512
-909.609616,39,25.374411
-1009.199811,36,25.418932
-1007.434931,33,25.457533
-1006.523964,33,25.501501
-1006.91823,34,25.541502
-907.3389,37,25.587493
-1010.06894,41,25.636542
-1007.335604,32,25.682488
-1008.846345,34,25.726516
-907.030264,39,25.780522
-1008.062779,30,25.817488
-1007.288966,34,25.865489
-908.180421,35,25.90858
-1007.686456,34,25.956497
-1007.64606,34,26.003566
-909.636116,35,26.047513
-1006.793917,39,26.101556
-1007.592229,35,26.144482
-1007.889013,38,26.200593
-1010.252744,38,26.255613
-907.610791,34,26.292613
-1006.368982,37,26.340557
-1007.923287,37,26.385566
-1008.239897,42,26.440721
-907.415318,35,26.487691
-1006.124251,33,26.528629
-909.238375,38,26.571637
-1008.412705,32,26.607549
-907.011483,36,26.657638
-1007.149036,37,26.707608
-908.977526,35,26.75054
-1007.511887,34,26.799646
-1007.561831,34,26.83454
-1008.811865,41,26.892601
-1008.675159,33,26.930635
-908.297378,35,26.981625
-1008.283522,36,27.026624
-908.706652,32,27.073599
-1008.364566,37,27.117629
-1007.5586,39,27.170795
-1007.676245,40,27.22376
-1009.32333,31,27.257766
-1007.132612,38,27.308635
-1007.922336,39,27.363704
-1008.516208,33,27.400649
-1009.023615,33,27.442858
-907.412071,38,27.49672
-1007.732582,36,27.547709
-807.439639,36,27.591716
-1008.539211,33,27.631724
-1008.387963,32,27.671624
-1007.695687,34,27.714621
-1008.68796,32,27.755684
-1006.983302,39,27.804742
-1008.546892,34,27.843685
-1008.649631,31,27.880698
-1006.909375,37,27.930769
-1007.949665,39,27.980653
-1008.803678,32,28.019694
-1008.465334,37,28.074701
-1008.469584,33,28.123679
-1007.657237,36,28.174682
-1007.362051,38,28.221693
-1008.263145,37,28.2717
-907.395341,39,28.316692
-1006.658611,39,28.365703
-1007.860164,38,28.416756
-1007.918503,37,28.460704
-1006.449358,40,28.513709
-1008.240049,37,28.56986
-1007.819187,38,28.61372
-1007.557055,36,28.652858
-908.376427,35,28.693845
-1009.529755,36,28.744716
-907.710362,35,28.792721
-1009.101043,34,28.831717
-1008.576118,32,28.870765
-1007.767216,44,28.923702
-1009.196433,30,28.965808
-908.010037,33,29.001778
-908.100193,36,29.046779
-1008.273841,37,29.103811
-1009.126096,54,29.180757
-1009.503775,34,29.226769
-1007.911421,39,29.280852
-906.24303,42,29.3368
-1007.653621,52,29.406789
-906.658467,40,29.459748
-1007.203695,49,29.519934
-1006.984268,36,29.56282
-907.462203,38,29.610799
-1007.16964,37,29.655783
-1008.5372,34,29.703796
-1009.603657,34,29.751805
-908.080133,37,29.795754
-907.392013,39,29.845744
-1008.213745,33,29.890802
-1008.296171,33,29.935785
-909.455577,43,29.994821
-906.088159,36,30.0368
-1009.274163,43,30.086799
-1008.119351,37,30.136818
-1007.389063,37,30.180834
-907.982418,38,30.22936
-909.68544,33,30.270859
-1008.76427,35,30.321836
-909.937329,39,30.378837
-1009.696536,41,30.431869
-1009.850158,40,30.48082
-908.023984,36,30.52587
-1008.608845,33,30.567795
-1008.751467,33,30.614716
-1010.127273,42,30.66784
-1010.135191,44,30.725832
-1007.384222,39,30.777836
-1006.96393,32,30.820886
-908.03622,47,30.882879
-1007.428585,43,30.93887
-1009.620655,38,30.987926
-1008.124892,36,31.036926
-1008.0819,32,31.07592
-1008.857714,35,31.120928
-1006.934139,40,31.172948
-907.391113,38,31.218886
-1008.222337,41,31.267915
-1007.954737,36,31.311007
-1006.966335,41,31.365992
-1008.175733,50,31.42992
-1008.460756,35,31.483921
-1009.423609,33,31.531886
-1007.327352,40,31.586068
-1007.179898,36,31.642119
-1009.854853,33,31.689009
-1008.054278,35,31.732082
-908.877159,36,31.774036
-1006.390524,39,31.829981
-1007.241722,36,31.877027
-807.324632,39,31.925006
-1007.515951,40,31.965945
-1009.033814,35,32.013923
-1008.157005,36,32.065946
-1007.038437,36,32.114952
-1008.908247,37,32.172976
-909.361234,34,32.219023
-1008.454465,37,32.26492
-1009.17255,35,32.313138
-1010.381039,46,32.377036
-908.245788,32,32.423929
-1007.189088,44,32.478953
-1007.578985,32,32.520979
-1008.943287,32,32.558935
-1009.025116,39,32.611981
-1006.320461,38,32.660091
-907.19006,33,32.704035
-1010.220251,41,32.759973
-907.611231,35,32.805969
-1009.115679,34,32.850928
-1007.405629,43,32.911969
-1008.164458,38,32.959971
-1010.403521,37,33.007027
-907.764302,38,33.049067
-1007.428068,36,33.09796
-1007.738554,37,33.145026
-1007.640154,37,33.192148
-1007.388454,40,33.250126
-1009.993727,33,33.29601
-1006.396347,35,33.338027
-1006.614753,40,33.389561
-1007.918742,38,33.438034
-1007.233621,44,33.490026
-1008.284574,41,33.552197
-1006.876137,38,33.604098
-1007.653132,37,33.651085
-907.369833,37,33.699054
-1009.907854,36,33.742997
-1009.500001,35,33.789084
-1008.900928,37,33.838046
-1006.978548,37,33.879009
-1006.32139,38,33.923074
-1007.879939,36,33.966111
-1007.290516,40,34.021091
-1008.250005,38,34.064079
-1006.603374,38,34.110088
-1008.832209,41,34.159127
-1008.18189,36,34.207111
-1008.136387,37,34.260127
-1006.368684,38,34.305125
-1010.398339,37,34.353079
-1008.068649,36,34.397097
-1008.848113,39,34.446075
-1007.305331,35,34.487081
-1007.196076,37,34.530161
-1006.739306,38,34.582069
-1008.653815,36,34.626121
-1008.488346,35,34.673086
-1009.401587,37,34.719129
-1008.285341,46,34.776127
-1009.940374,37,34.823147
-1006.55748,49,34.887123
-1009.208175,38,34.930198
-1010.893761,42,34.986089
-807.537902,40,35.040191
-907.501682,34,35.084167
-1006.895247,39,35.127153
-908.018738,42,35.17937
-1009.300911,49,35.247252
-1007.937663,39,35.297642
-1006.318616,56,35.374033
-1006.548841,33,35.410949
-1008.776952,42,35.466815
-807.39382,42,35.526848
-909.609107,35,35.56777
-1006.983902,33,35.608673
-1006.256959,36,35.652997
-1008.711692,58,35.731497
-1009.096518,49,35.79433
-1008.334829,37,35.842202
-1008.63054,35,35.884101
-1010.144332,37,35.93397
-1007.776039,42,35.988867
-1007.030397,38,36.031813
-1009.368226,37,36.080197
-1006.633907,41,36.136024
-1010.151113,39,36.182994
-1009.105342,38,36.235854
-1010.314135,39,36.289746
-1009.500051,37,36.334603
-1009.666412,46,36.389526
-1006.638145,45,36.452514
-1006.371259,49,36.52041
-1008.062411,32,36.557365
-1008.606219,49,36.619285
-1006.595463,38,36.673316
-1007.511998,37,36.712289
-1007.422677,42,36.765257
-1007.309365,36,36.807266
-1008.418978,40,36.860426
-1009.88981,46,36.911294
-1007.876213,39,36.955264
-1009.815291,38,37.011271
-1008.014704,47,37.072254
-1008.130368,45,37.131392
-1010.310993,42,37.181334
-1007.245759,43,37.239287
-908.68262,34,37.284284
-807.654855,38,37.327257
-1007.905002,56,37.403318
-1007.479698,36,37.447258
-1008.58359,43,37.501279
-1007.636686,43,37.566324
-1014.127334,59,37.643437
-1008.438466,32,37.685327
-1009.858843,40,37.737361
-910.534745,38,37.791356
-1009.2014,34,37.836381
-1007.455372,44,37.888278
-1008.777534,34,37.931369
-907.571103,41,37.987305
-1007.491092,36,38.034373
-1009.669711,42,38.086352
-1006.944405,41,38.140314
-1007.976181,42,38.194333
-1008.497579,39,38.240363
-1006.855826,37,38.294355
-1007.294782,38,38.34549
-1008.074219,35,38.394454
-1009.806842,43,38.453399
-1012.086664,43,38.504319
-1007.557348,39,38.555354
-910.249081,43,38.616371
-1007.740446,44,38.672411
-1009.222691,34,38.715399
-909.019478,46,38.770432
-1010.075328,63,38.848346
-1010.176901,36,38.902374
-1009.855081,33,38.944354
-1006.005759,58,39.017405
-1010.647753,42,39.069353
-910.558788,50,39.129402
-1007.972247,48,39.191423
-1006.892862,47,39.250493
-1006.883903,53,39.317387
-1008.876492,38,39.374448
-1010.612981,33,39.422407
-1010.060288,39,39.475511
-1008.205984,41,39.529476
-1007.466059,45,39.582409
-1009.315614,34,39.622477
-1010.092624,50,39.685409
-1008.996406,39,39.729479
-1009.719552,38,39.77046
-1011.937264,50,39.826487
-907.99564,35,39.87148
-907.522226,36,39.924485
-1011.460408,47,39.994428
-1006.96869,53,40.063484
-907.365347,45,40.119998
-1009.162495,36,40.163481
-1007.725074,37,40.205458
-1010.379488,47,40.265431
-1009.254622,35,40.312521
-1008.546176,40,40.363586
-1008.850165,43,40.41452
-909.070788,41,40.467484
-1008.487182,42,40.527509
-1008.68394,37,40.579502
-907.812929,50,40.644532
-1009.452171,59,40.721573
-1011.701951,52,40.782535
-1011.716382,44,40.839627
-1006.83781,51,40.907521
-1007.519528,47,40.967652
-1010.295704,52,41.037597
-1009.891849,43,41.095582
-1009.471999,34,41.140715
-1009.255372,60,41.214616
-1009.39478,33,41.260568
-1010.461411,41,41.312547
-1009.085697,44,41.371576
-1009.049971,38,41.41757
-1007.395956,44,41.472566
-1008.903398,40,41.53176
-1007.470738,51,41.602649
-1007.756531,42,41.664621
-909.32929,35,41.7156
-1010.18589,51,41.787586
-1008.106689,44,41.839606
-1009.984714,45,41.893669
-1008.072053,42,41.943635
-1009.233325,44,41.997597
-907.055782,50,42.059632
-1008.681595,41,42.112652
-1006.783372,40,42.162576
-1007.591465,38,42.206629
-1007.881471,43,42.26162
-1009.656826,43,42.309625
-1009.546411,48,42.365633
-1007.562844,38,42.414703
-907.272006,39,42.468628
-1008.33406,43,42.532662
-908.451956,42,42.587683
-1009.871507,57,42.661721
-1008.820494,44,42.714624
-1009.351217,30,42.752605
-1008.659058,60,42.83376
-1009.337084,34,42.876741
-909.462007,53,42.952675
-1008.665865,42,43.001657
-1008.269478,37,43.048639
-810.082846,71,43.137546
-1011.502213,45,43.192687
-1010.16127,40,43.241679
-1009.689269,43,43.295713
-1009.809048,38,43.339698
-1006.436105,42,43.396647
-1008.570924,47,43.45771
-1007.658956,42,43.51076
-1009.850897,39,43.561698
-1009.744554,41,43.614695
-1009.242697,35,43.662705
-1007.578423,54,43.741086
-1008.258144,46,43.795939
-1010.140484,53,43.862761
-1007.164169,48,43.918612
-1008.856731,35,43.968478
-1008.913247,42,44.024359
-1009.400388,35,44.072233
-1008.169511,40,44.133038
-1008.955918,39,44.178915
-1011.079325,62,44.254712
-1008.138125,41,44.312157
-1006.224133,44,44.36801
-1007.245173,40,44.423889
-907.680023,36,44.462756
-1007.223114,42,44.519606
-1006.80539,39,44.563102
-1008.890068,40,44.612001
-1009.40601,52,44.682783
-1008.329134,45,44.738645
-1010.092201,47,44.795528
-1013.193513,71,44.89129
-1011.715046,64,44.970147
-1010.154029,40,45.019016
-1010.164829,57,45.087884
-1006.820285,40,45.136823
-1006.503634,52,45.200786
-1006.962435,70,45.293813
-1007.987273,39,45.350888
-1007.2369,52,45.418814
-1006.555837,52,45.485832
-1007.945929,55,45.553866
-1008.618997,53,45.630914
-1007.89553,51,45.698814
-1011.308182,45,45.760367
-1011.972547,45,45.812998
-1012.176401,65,45.90089
-908.28908,51,45.969879
-1008.682025,53,46.040918
-1009.238457,38,46.092914
-1009.01231,49,46.156889
-1009.412702,37,46.198884
-1010.623291,52,46.271892
-1008.515607,39,46.322891
-1006.49867,53,46.395923
-1006.880794,64,46.489035
-909.489748,47,46.545918
-909.34522,52,46.600933
-1007.076574,60,46.684875
-1007.336265,44,46.746938
-1008.736448,45,46.812938
-907.857758,59,46.89301
-910.882913,54,46.970958
-1011.808744,55,47.033001
-1010.681398,58,47.094979
-1012.6622,72,47.195003
-908.14174,37,47.241982
-1007.071736,45,47.305982
-1008.728373,50,47.373948
-1009.19281,47,47.432
-1009.967655,45,47.488957
-1011.059399,74,47.581028
-1011.830923,51,47.644996
-1008.80253,38,47.693042
-1009.673413,66,47.777981
-1009.4,62,47.869046
-1009.341418,56,47.942002
-1011.13436,48,48.008008
-1012.869193,61,48.077999
-1012.83712,50,48.148031
-1007.27952,42,48.207021
-1009.624612,52,48.281031
-1009.235918,42,48.331991
-1010.92873,44,48.389987
-1009.481683,64,48.467011
-807.663627,39,48.515053
-1009.162109,50,48.585059
-1008.348541,52,48.647004
-1008.989442,55,48.723064
-1010.618418,45,48.782062
-1008.999699,51,48.837053
-1009.30091,62,48.918909
-1010.831744,48,48.980466
-1008.604871,55,49.058941
-1010.002413,52,49.123072
-1011.767091,54,49.199096
-1012.058139,46,49.265052
-1011.829785,54,49.340078
-1007.033982,47,49.400261
-1008.074188,62,49.483089
-1007.18624,47,49.548089
-1008.544027,57,49.629126
-909.218475,48,49.69213
-1008.532858,43,49.743114
-1009.86151,54,49.8091
-1011.126962,52,49.872128
-908.28322,50,49.936163
-1012.803445,53,49.999114
-908.382833,59,50.079137
-1006.988258,56,50.145139
-906.766827,69,50.242196
-1011.507546,60,50.316152
-1008.960473,39,50.356113
-1009.520005,49,50.421149
-1008.291013,55,50.484171
-1010.59213,45,50.543159
-808.695097,52,50.619164
-1011.201184,45,50.680656
-1006.884569,71,50.772169
-907.783763,57,50.847219
-906.133535,53,50.918192
-1007.644412,40,50.965225
-1007.310158,60,51.03426
-1011.538631,54,51.102212
-909.172171,63,51.175165
-1008.696095,51,51.248252
-1007.416299,54,51.316207
-1007.557656,39,51.372232
-1010.096525,63,51.456237
-1008.72557,58,51.523216
-1009.383635,65,51.602275
-1011.029868,65,51.691226
-1007.458063,42,51.750754
-1006.911924,56,51.825246
-1007.572127,43,51.87624
-1008.000675,44,51.934289
-1010.239558,57,52.015227
-1006.494045,52,52.088068
-1009.378856,61,52.171245
-1007.46216,52,52.249217
-1011.774927,61,52.330747
-1010.090026,54,52.414191
-1008.483848,37,52.464144
-1007.587563,41,52.518108
-1009.894752,90,52.634169
-910.625491,50,52.703163
-1008.005227,56,52.774117
-1011.443912,38,52.825158
-1012.642321,60,52.902225
-1011.120537,74,52.991299
-1010.205075,50,53.050741
-809.714727,60,53.129167
-808.139576,57,53.207324
-910.589497,58,53.281417
-1010.014749,47,53.342366
-1008.885913,63,53.440393
-1009.15603,63,53.511345
-1011.948468,66,53.607389
-1008.330625,63,53.681399
-1007.007816,59,53.754374
-916.968881,91,53.868338
-1007.923565,48,53.932364
-907.767607,47,53.987383
-1011.618699,45,54.0514
-1011.445603,57,54.12941
-908.341371,58,54.210421
-1008.115526,48,54.275348
-907.660136,62,54.35741
-1012.562531,65,54.43538
-911.524687,55,54.512388
-1008.066431,63,54.589403
-1010.599549,63,54.670497
-908.285083,69,54.754408
-1013.65524,64,54.837468
-1008.903617,50,54.908399
-1010.422254,59,54.980429
-1009.641004,52,55.049449
-1013.379821,60,55.132507
-1009.780018,62,55.22043
-1009.147926,49,55.289498
-1007.391691,40,55.34346
-810.142491,46,55.403422
-909.282942,43,55.459391
-1010.468958,55,55.532461
-1009.564697,49,55.593532
-1015.028671,70,55.683449
-1010.340907,44,55.734381
-1008.17486,58,55.808394
-1009.866075,49,55.873353
-1011.267538,45,55.933343
-1009.864637,42,55.983564
-1010.357599,47,56.047532
-1010.903325,53,56.116539
-1009.736212,54,56.185486
-1011.092359,57,56.266592
-909.485806,43,56.319566
-1009.523867,43,56.383567
-1009.020798,47,56.449537
-1010.579578,47,56.512622
-1008.431242,47,56.568522
-1011.157462,67,56.658588
-1010.799486,59,56.740574
-1012.296345,53,56.813602
-1010.962028,56,56.885588
-1012.495907,63,56.966558
-1007.928424,51,57.02754
-1013.506044,47,57.094743
-1015.639414,66,57.175696
-1007.838281,51,57.23758
-1010.798397,61,57.313632
-906.894616,44,57.372604
-1010.458256,56,57.431657
-1010.272158,56,57.504619
-1009.620963,59,57.586645
-1009.67367,56,57.664728
-909.948596,42,57.718689
-1013.069433,60,57.806709
-1008.391282,60,57.880668
-1013.067481,53,57.942745
-1012.993624,56,58.008593
-1014.940251,57,58.088674
-1008.594216,58,58.168662
-909.371484,55,58.236648
-1011.268329,58,58.308686
-1015.732602,58,58.384717
-1014.010467,60,58.454722
-1008.910305,54,58.515764
-1012.079581,67,58.597703
-1011.842879,60,58.671785
-1011.409536,53,58.742154
-1011.594541,59,58.815969
-906.405266,58,58.902747
-906.312928,52,58.978727
-909.998119,40,59.041731
-910.068173,62,59.131157
-1011.406148,53,59.201718
-912.437956,58,59.276673
-1008.114305,58,59.353739
-812.058835,59,59.438776
-1015.228928,68,59.521694
-1024.439709,72,59.602802
-1007.140951,68,59.688749
-1014.171613,72,59.782754
-909.994741,63,59.866721
-1008.466748,64,59.944695
-1017.919746,66,60.0338
-1013.115614,66,60.119815
-1014.50045,59,60.189796
-1009.760809,53,60.248818
-1011.014203,68,60.336796
-1016.086414,66,60.416965
-1012.348676,61,60.493838
-1015.703122,66,60.584867
-1010.267322,55,60.658832
-1014.615375,66,60.744843
-1016.295918,71,60.835833
-1007.774098,45,60.891858
-1009.615978,63,60.97368
-908.07215,39,61.017606
-1013.105621,71,61.114805
-1008.106068,63,61.185839
-908.812553,39,61.230915
-1008.235641,42,61.286853
-1008.873788,69,61.36987
-1019.173617,82,61.485912
-1008.752285,63,61.567906
-1021.468513,77,61.663918
-1014.325049,67,61.742909
-1018.567363,57,61.81292
-1015.925691,62,61.904933
-1017.642,62,61.979908
-1012.610971,56,62.053986
-1012.568593,60,62.129941
-912.450317,62,62.202956
-911.024957,69,62.286922
-1014.940174,64,62.366962
-913.746475,63,62.446013
-920.512665,67,62.524981
-1012.156567,58,62.599958
-913.26579,61,62.677945
-817.103883,67,62.760997
-1017.495653,68,62.861048
-1010.705855,61,62.942042
-1011.786174,58,63.013029
-1017.143662,70,63.102981
-911.02542,72,63.196947
-1013.656073,79,63.302111
-1021.353983,72,63.392053
-1011.424968,63,63.470066
-923.577679,65,63.56204
-922.424109,134,63.744051
-1016.115928,66,63.82705
-1014.466739,65,63.912058
-915.411212,69,63.995079
-1008.318324,66,64.087814
-1013.189847,61,64.162133
-1010.709015,65,64.239037
-909.73212,63,64.32212
-1007.086876,59,64.390118
-907.576142,64,64.476109
-1010.847349,66,64.551282
-1008.417564,63,64.629132
-1007.256201,61,64.717163
-1010.193277,65,64.816087
-1016.731566,69,64.901095
-1011.419381,62,64.98134
-912.242351,63,65.05818
-1008.29262,63,65.140075
-1017.510436,65,65.214116
-1006.999299,66,65.293126
-1009.295147,59,65.37617
-1013.222615,66,65.456156
-1013.669182,68,65.546161
-1012.998923,59,65.6182
-1014.995884,63,65.698195
-1015.310783,63,65.783193
-1011.891972,61,65.862261
-1013.240849,61,65.939156
-1006.883261,43,65.99224
-1010.673098,63,66.065199
-1009.520261,57,66.135205
-1009.431715,62,66.215194
-1016.303251,63,66.298213
-1014.052439,64,66.382316
-909.4903,40,66.443223
-1010.245303,68,66.519349
-1011.987172,68,66.612256
-1008.549244,49,66.66938
-1016.075674,56,66.734266
-1010.043137,67,66.818237
-1010.74745,47,66.877269
-1008.075359,47,66.932304
-1015.111746,65,67.0213
-1014.470944,62,67.09429
-1010.957375,39,67.143301
-1015.409113,59,67.226538
-1007.730653,62,67.309607
-1007.465884,62,67.385374
-808.150638,44,67.444221
-1008.382251,72,67.531126
-908.244884,43,67.584005
-1011.143532,58,67.65392
-1006.580714,47,67.717731
-912.465177,59,67.793541
-1012.314133,47,67.859368
-808.057591,61,67.924304
-1012.635015,46,67.981369
-1010.347759,69,68.077316
-1009.086893,60,68.157381
-1012.877133,60,68.23432
-1008.483041,57,68.307366
-1012.39308,58,68.380321
-1008.453055,53,68.454413
-1013.012491,47,68.507395
-1015.150792,64,68.596362
-809.209743,62,68.68434
-1009.463066,56,68.75846
-1012.27185,48,68.817356
-810.040492,66,68.895416
-908.120182,38,68.952418
-1009.827686,62,69.025399
-1007.902242,54,69.100432
-908.260277,63,69.193446
-1015.168608,66,69.283525
-1013.624049,64,69.365449
-1015.259321,65,69.454594
-1011.463896,59,69.527463
-916.159797,66,69.613459
-910.025341,55,69.687371
-1009.891765,63,69.767416
-807.716845,39,69.820432
-1007.150674,54,69.897395
-909.492195,42,69.947463
-1009.970887,61,70.019472
-911.520767,49,70.076451
-1013.917244,64,70.154464
-1009.412655,59,70.229459
-913.678541,75,70.329497
-1009.859734,58,70.397453
-1008.753273,59,70.484525
-1013.644979,63,70.576498
-1013.033833,102,70.702568
-1007.576137,49,70.766517
-908.729742,54,70.842494
-1017.630604,67,70.919452
-911.882107,61,70.998549
-1015.161723,66,71.081447
-1014.389728,73,71.168534
-1010.051028,62,71.254538
-914.979365,62,71.336492
-907.859619,41,71.38195
-1007.347838,46,71.446393
-909.434085,49,71.509584
-1007.748611,55,71.579545
-1007.516063,46,71.640696
-1014.481387,64,71.724723
-1009.699932,51,71.786583
-1015.930818,68,71.872666
-1016.240814,63,71.955619
-1012.552581,68,72.040601
-1006.155891,63,72.124599
-1014.173093,63,72.213613
-908.058358,51,72.2796
-1011.670404,75,72.38063
-910.225743,49,72.440625
-1007.690962,48,72.493565
-1010.293915,71,72.58359
-1010.929048,63,72.666574
-1013.342696,52,72.722641
-1009.152641,46,72.774656
-1008.389098,50,72.831602
-1013.861746,70,72.918586
-1023.226746,77,73.012064
-1015.805526,71,73.096647
-1016.697815,79,73.193672
-1018.74724,68,73.283662
-1018.008594,83,73.389705
-910.486144,66,73.471591
-1011.417933,76,73.562188
-1010.880612,69,73.645661
-910.374987,59,73.734925
-909.29212,74,73.833718
-1019.340068,128,73.981777
-909.114454,67,74.06873
-1018.589299,90,74.182793
-1011.560491,69,74.270738
-1014.242033,65,74.34869
-1012.131369,105,74.471951
-1014.886053,70,74.564798
-1010.661561,68,74.643764
-909.012062,69,74.727797
-1007.347527,72,74.821916
-1014.853834,67,74.909792
-1008.919116,68,74.997855
-1008.666799,63,75.076838
-1014.076631,70,75.166812
-1012.016051,64,75.254842
-1026.993138,120,75.410787
-708.013171,73,75.506849
-1010.190865,72,75.598804
-1025.202495,93,75.719969
-1017.706049,74,75.817902
-1011.704323,63,75.894858
-1010.320041,64,75.975804
-908.862697,61,76.055871
-1008.286569,66,76.13984
-1013.119682,65,76.225828
-1015.409181,68,76.319955
-1010.213613,64,76.396937
-1010.330397,61,76.47889
-818.454907,96,76.596884
-1008.303959,49,76.664891
-708.734868,71,76.749905
-1015.8252,60,76.840013
-808.472327,65,76.9219
-1007.294293,58,76.988923
-1008.267072,64,77.069886
-1013.317938,60,77.15091
-907.585288,69,77.244969
-807.538284,65,77.324989
-1006.777221,69,77.419052
-1037.040211,126,77.582912
-1040.663038,115,77.732014
-941.04032,105,77.869106
-1040.521252,124,78.045079
-1012.656171,66,78.125966
-1010.089152,67,78.215017
-1006.102559,71,78.315985
-1012.499951,75,78.415981
-1044.463778,131,78.581036
-1009.104123,78,78.678869
-1057.669298,198,78.958985
-1035.431929,98,79.087012
-1012.441679,79,79.183066
-1008.887792,82,79.28896
-1040.516765,114,79.444085
-909.747845,73,79.535081
-1012.205944,67,79.626153
-1033.488705,111,79.766092
-911.185987,73,79.850105
-1010.319803,71,79.94008
-909.465753,65,80.019254
-1009.944223,82,80.123166
-808.822951,64,80.2061
-910.321549,71,80.293189
-1015.666373,75,80.396111
-1038.566232,113,80.54602
-1036.337711,123,80.693209
-1011.78011,76,80.801212
-1020.142925,119,80.960178
-1043.284977,144,81.151209
-1067.749779,203,81.414284
-1010.699436,71,81.516261
-1009.088514,67,81.600234
-907.181027,69,81.679228
-807.619165,65,81.759207
-1016.235961,98,81.887198
-1046.355314,170,82.098249
-1059.726363,230,82.413349
-1048.644114,125,82.572822
-1048.509979,136,82.743322
-912.525771,102,82.87932
-1014.308518,69,82.975355
-923.419988,102,83.111291
-828.513849,111,83.249319
-1009.704205,65,83.328326
-1007.429066,63,83.40442
-1012.9859,71,83.501373
-1014.089353,69,83.59131
-917.487052,73,83.687333
-1008.539078,73,83.776314
-1010.902469,69,83.862385
-708.568166,71,83.948402
-1013.376058,67,84.034364
-1011.642896,66,84.114437
-1012.22067,78,84.221348
-1012.756989,78,84.324444
-1016.27977,86,84.42936
-1006.984145,62,84.519486
-1010.915197,69,84.607431
-1012.962552,83,84.715473
-1012.682426,119,84.864393
-1006.461834,60,84.950351
-910.091129,86,85.051427
-908.658832,63,85.134402
-49.192496,240,85.455448
-56.354392,240,85.776367
-46.221902,240,86.075507
-1034.881404,168,86.294425
-817.371524,232,86.59558
-1010.382387,55,86.662606
-1010.386312,55,86.742654
-905.943266,58,86.814677
-1016.970391,87,86.91859
-1010.753772,75,87.016608
-1010.395159,88,87.142542
-928.429634,215,87.426654
-908.818887,66,87.519577
-1008.759703,65,87.608657
-907.446885,68,87.696762
-1008.782405,63,87.774701
-1018.783451,148,87.97766
-1009.87922,77,88.081612
-1017.794639,185,88.329673
-911.006811,58,88.405691
-1010.422386,56,88.485837
-1006.965426,71,88.580878
-1009.735506,41,88.6377
-1010.725497,55,88.708678
-1013.581886,83,88.818937
-1008.48218,42,88.866808
-1013.917752,79,88.965677
-1009.502947,59,89.050747
-1008.301776,61,89.123757
-1027.346298,110,89.260729
-1013.183344,70,89.353827
-1011.530973,99,89.481709
-85.221512,240,89.807761
-83.8283,240,90.106771
-1007.683722,38,90.149765
-1009.335251,106,90.302832
-1008.39698,42,90.363332
-1011.498629,95,90.486766
-1007.938508,39,90.541804
-1010.962988,67,90.63386
-1008.528912,36,90.674827
-908.114397,40,90.723298
-1011.079233,63,90.807749
-1010.741223,74,90.897882
-907.398733,60,90.976843
-1007.250051,39,91.023863
-1009.504897,39,91.079851
-1011.801701,56,91.147855
-1007.112461,62,91.223221
-1006.772608,41,91.276704
-909.035908,47,91.332834
-1007.597894,60,91.412848
-1011.966793,54,91.477908
-908.895999,40,91.526915
-1009.860457,65,91.611875
-1007.244415,55,91.692922
-1008.124528,32,91.733951
-1005.676746,90,91.859088
-1011.511506,55,91.924018
-807.952371,49,91.983994
-1006.896068,41,92.043922
-1008.902504,35,92.087949
-911.866962,49,92.144958
-1007.375941,37,92.196926
-1019.976824,104,92.332919
-1007.874802,46,92.385965
-907.638087,54,92.455962
-909.239272,47,92.522943
-909.793237,65,92.602034
-1011.512969,60,92.675967
-1010.021591,66,92.759915
-1006.553756,51,92.823949
-909.240483,39,92.875989
-1012.562321,62,92.961936
-1007.146403,37,93.00894
-1008.675723,43,93.066017
-913.126823,62,93.141992
-1013.724622,73,93.236022
-1011.006064,55,93.310967
-1009.90294,35,93.359979
-1009.585647,31,93.404047
-909.252126,49,93.467016
-1009.640926,55,93.553061
-1018.134597,78,93.643104
-1017.172432,98,93.756045
-1008.525929,50,93.818033
-1010.89118,57,93.885079
-1008.221313,30,93.920033
-907.803997,40,93.976119
-1015.69995,85,94.083093
-1008.887225,29,94.123144
-1007.326519,42,94.178098
-1009.898994,35,94.224136
-908.413575,39,94.278043
-1007.22403,40,94.330122
-1006.597717,49,94.395048
-1006.262562,58,94.463149
-1006.202985,43,94.51709
-1008.181711,48,94.581053
-1010.087156,47,94.646094
-1007.73768,30,94.689095
-1010.197144,67,94.777126
-1012.789124,51,94.854171
-909.659812,41,94.912128
-1009.791696,76,95.011144
-1008.43411,48,95.079136
-1008.769777,47,95.140156
-1008.93927,68,95.223217
-1014.34064,73,95.320295
-1008.655661,46,95.375197
-1007.935608,61,95.458128
-908.49431,39,95.504065
-1010.510211,67,95.594192
-1017.446744,76,95.680146
-1012.09756,52,95.750191
-1024.942315,83,95.857213
-1011.94113,53,95.920198
-1009.052727,47,95.981146
-1013.048755,47,96.045157
-1014.452368,55,96.112191
-1014.22953,76,96.19617
-907.738194,43,96.241117
-1022.945113,108,96.380174
-1021.644063,65,96.468361
-910.013353,53,96.532197
-911.645502,76,96.629178
-1015.008796,73,96.715222
-908.811853,85,96.819267
-1026.155253,75,96.917243
-1015.315851,69,97.004241
-1012.53726,67,97.092207
-1009.74152,50,97.159289
-1021.012955,62,97.234221
-1013.952734,62,97.315283
-1014.777008,50,97.378285
-1015.898658,61,97.459511
-918.221928,62,97.54839
-815.853088,60,97.620725
-1016.623329,79,97.70849
-1014.265325,78,97.816205
-1023.848095,73,97.90999
-1012.782313,73,98.007748
-1020.052918,83,98.103545
-1015.641475,51,98.16945
-916.416888,75,98.276358
-1023.351798,100,98.389365
-1021.58664,74,98.486353
-1022.92895,123,98.649364
-923.273245,129,98.828407
-1032.67625,150,99.011446
-1023.295254,75,99.107421
-1033.560072,136,99.273358
-1020.510654,68,99.354449
-1008.067013,62,99.448383
-1024.86268,100,99.586392
-1019.996635,61,99.661453
-920.22075,59,99.739403
-1008.789906,68,99.82244
-1038.406952,128,99.990456
-1009.525712,70,100.087484
-1027.544634,92,100.200595
-1009.385949,68,100.288504
-1024.852708,87,100.407465
-1021.823789,94,100.525495
-1020.671347,120,100.681273
-1025.122331,80,100.786518
-1012.443119,65,100.8685
-1009.142532,73,100.962524
-1011.306882,74,101.062413
-1007.592897,71,101.150547
-908.704921,72,101.235525
-1010.417593,83,101.347672
-907.730461,73,101.450546
-909.392657,78,101.558525
-1013.697107,75,101.646606
-1013.820515,74,101.747609
-911.880143,83,101.860592
-915.762562,180,102.094063
-1028.565808,107,102.241615
-1032.62993,100,102.372571
-908.870756,61,102.442599
-1034.545264,96,102.565641
-1026.227585,75,102.658648
-1043.452429,126,102.827678
-1035.239623,126,103.007576
-1062.076178,194,103.26767
-1011.942844,57,103.344075
-932.47977,136,103.520602
-1057.694178,181,103.770351
-907.616962,54,103.851916
-1051.910509,152,104.065429
-1062.294329,203,104.342717
-1051.281532,151,104.555657
-41.11115,240,104.889592
-1065.998843,206,105.174798
-1065.105051,194,105.420811
-48.509879,240,105.743798
-916.404138,158,105.96475
-1011.375882,60,106.040684
-17.302467,240,106.347698
-908.56676,63,106.431888
-907.302662,54,106.502991
-1010.670581,58,106.575861
-1009.839717,77,106.67583
-1008.746601,83,106.780912
-1006.170079,34,106.824423
-1006.441769,44,106.870879
-1007.51549,62,106.958782
-1011.877712,59,107.031733
-917.349996,141,107.20706
-1010.066544,74,107.301857
-1007.148568,45,107.355818
-1015.263568,65,107.430745
-1007.809152,60,107.512904
-1010.119317,58,107.589935
-1008.950434,42,107.654434
-1008.788388,49,107.717942
-1010.538233,104,107.863906
-908.714188,47,107.927038
-1012.950425,64,108.005003
-1010.672079,168,108.212975
-910.094548,51,108.276997
-1013.53672,69,108.360003
-1008.735282,57,108.430031
-1008.123471,48,108.490971
-82.231021,240,108.79811
-64.141027,240,109.107064
-1070.630006,185,109.338973
-36.017754,240,109.638912
-1006.082827,102,109.760958
-906.281436,56,109.841907
-1012.264327,105,109.984089
-908.136118,43,110.036153
-1009.929623,67,110.122139
-1011.373378,99,110.243077
-1009.209356,37,110.295238
-907.392186,45,110.351157
-1007.407123,45,110.403121
-1007.078957,43,110.457276
-810.104001,72,110.554214
-907.081707,58,110.630178
-58.479399,240,110.955071
-1010.390743,61,111.043136
-1019.655145,107,111.189546
-1008.091084,77,111.28432
-1009.271771,50,111.353149
-1010.373364,57,111.440205
-909.842898,96,111.566252
-910.731371,80,111.677207
-1017.959794,119,111.83529
-1009.706677,71,111.922225
-1010.209035,61,112.007227
-1011.306106,65,112.095209
-907.108182,63,112.176117
-1010.608081,45,112.229109
-1010.779899,65,112.315152
-1011.853173,109,112.454142
-1013.550739,115,112.612144
-1010.449572,75,112.709066
-1017.955207,91,112.828071
-1039.072291,160,113.042239
-906.990427,104,113.178199
-1010.131901,60,113.265208
-1009.138151,46,113.324749
-1009.654107,67,113.418397
-1010.021436,78,113.518375
-1013.534344,85,113.620265
-806.579373,65,113.711344
-1008.78198,57,113.784332
-937.827129,160,113.983379
-1007.908368,41,114.034468
-61.197714,240,114.337392
-1058.713697,180,114.567411
-1060.929042,211,114.851453
42.5199,240,115.144444
-50.370067,240,115.456464
-13.895187,240,115.792491
-1018.052584,110,115.934974
-909.765056,66,116.017511
-1006.205886,76,116.119519
-1011.669909,57,116.190505
-1009.391836,181,116.440469
-1013.744636,86,116.548579
-66.553907,240,116.861549
-16.682423,240,117.178596
-1010.862758,76,117.269617
-913.112916,75,117.369626
-1009.135514,85,117.484588
-1009.195465,58,117.559626
-1018.892524,120,117.7157
-1021.324819,133,117.878637
-909.577823,69,117.970689
-908.133913,64,118.054686
-1008.744568,47,118.111584
-41.371369,240,118.420705
-51.70066,240,118.72682
-1055.66745,203,119.003298
-1017.882051,107,119.149646
-1008.155244,64,119.231735
-1058.780724,225,119.513721
-1008.705924,70,119.592698
-1039.712524,181,119.835786
-1048.410776,143,120.015831
-1059.198067,196,120.262774
-10.558284,240,120.577778
-1005.898133,77,120.67582
-1008.564572,58,120.754826
-1011.05227,73,120.858787
-14.462209,240,121.180855
-709.536368,106,121.312858
-1008.66377,58,121.388911
-57.432414,240,121.6839
-10.512224,240,121.993938
-1025.14015,186,122.228981
-37.276332,240,122.543953
-1012.921431,78,122.646842
-1006.646268,71,122.736931
-35.471213,240,123.044058
-40.825374,240,123.34604
-57.716549,240,123.669019
-26.448772,240,124.002033
-40.250338,240,124.321049
40.098342,240,124.628071
-1008.302618,38,124.686107
-1009.369416,43,124.744063
-1011.007008,42,124.797115
-909.527555,43,124.853093
-910.806139,45,124.911155
-46.339369,240,125.216178
-807.720906,64,125.303136
-1008.215301,48,125.375118
-37.541719,240,125.699169
-1007.899769,39,125.750166
-1008.813359,46,125.813141
-1008.324738,50,125.87819
-811.361514,80,125.969267
-46.021141,240,126.281155
-64.504352,240,126.600265
-811.206154,100,126.723202
-808.535565,64,126.806267
-1015.539373,98,126.928238
-906.992922,88,127.051184
-15.878088,240,127.361257
-918.683881,232,127.639272
-1014.90661,138,127.817256
-1008.376207,68,127.909384
-1007.962044,100,128.031246
-1006.748145,64,128.109373
87.989238,240,128.415851
-1008.035958,151,128.619364
-814.446606,140,128.79931
-1008.121465,56,128.871211
-23.486888,240,129.187452
-1009.720311,91,129.305461
-909.562523,77,129.405934
-1008.777669,57,129.477411
-1007.768371,62,129.550398
-1020.375181,130,129.710443
-906.515103,56,129.782353
-906.27071,81,129.890596
-1009.453405,63,129.972487
76.944888,240,130.275481
48.989953,240,130.595505
-27.989946,240,130.900479
-1014.132384,161,131.11149
-1009.226586,72,131.202477
67.419413,240,131.526108
-1013.909074,194,131.782534
-1019.037365,168,132.004534
-907.333655,87,132.128586
-1018.428668,151,132.337639
-1007.560853,62,132.410617
-912.882025,131,132.579646
-909.838938,70,132.677699
-811.556889,137,132.84669
-55.670546,240,133.156018
-10.719656,240,133.486718
102.85883,240,133.804604
-47.797689,240,134.12471
0.152944,240,134.429742
-7.548601,240,134.750765
-1013.962426,148,134.947736
157.428435,240,135.244856
-927.653052,178,135.471762
-0.2624,240,135.774837
-40.678129,240,136.088842
85.86242,240,136.403858
-38.66073,240,136.724889
-975.753998,210,136.991895
-16.550617,240,137.308925
55.357164,240,137.637016
-1012.00116,94,137.752936
2.501244,240,138.072936
-18.493772,240,138.418856
-1011.622232,78,138.51575
-7.064599,240,138.828935
-914.253615,95,138.959201
-1010.526587,54,139.041091
-7.620679,240,139.373802
-909.23458,52,139.459721
90.232219,240,139.799336
-909.869418,238,140.105724
-916.969477,98,140.227973
-1019.862358,91,140.350805
-1011.459405,68,140.44924
-9.624066,240,140.771756
-29.144038,240,141.13481
-14.785006,240,141.522195
-929.292321,196,141.802685
0.223693,240,142.166521
-24.450098,240,142.552803
-21.363562,240,142.922251
-19.455486,240,143.25893
-1011.03863,85,143.374177
84.225125,240,143.722591
-31.378702,240,145.342076
97.302634,240,145.857246
-1055.047564,203,146.151032
-71.24616,240,146.544662
-59.915379,240,146.940234
50.201127,240,147.255768
35.321156,240,147.601984
-47.633089,240,147.931639
-13.136397,240,148.25899
78.490657,240,148.59759
173.732082,240,148.941717
-1035.07626,190,149.19267
88.254759,240,149.516311
-1013.988503,162,149.735865
-34.800078,240,150.088136
-915.694139,182,150.334381
-14.780326,240,150.669942
-934.475708,184,150.929815
-822.325682,129,151.121844
-816.064023,98,151.255004
-1023.486898,140,151.460983
13.203162,240,151.800092
44.904165,240,152.140949
-1022.336256,95,152.259459
204.455047,240,152.604146
-38.724036,240,152.937803
-47.868731,240,153.285923
-12.770711,240,153.614918
-28.895085,240,153.937145
-23.436774,240,154.290881
0.301062,240,154.618099
74.839114,240,154.941806
-36.196404,240,155.264416
-31.447213,240,155.573098
202.400238,240,155.918432
-934.154944,236,156.238132
-839.300475,136,156.424169
37.786967,240,156.76651
93.1017,240,157.07406
-34.144178,240,157.40736
-31.882561,240,157.735804
82.960134,240,158.056536
191.426719,240,158.372344
280.130513,240,158.708863
-54.46607,240,159.038928
66.141182,240,159.34625
-954.270989,211,159.622601
178.959438,240,159.961204
-3.403084,240,160.279047
-860.356726,203,160.565859
-3.307073,240,160.894688
81.643057,240,161.240563
170.731605,240,161.573963
168.253554,240,161.919626
189.192554,240,162.233481
177.829704,240,162.574459
-1025.583256,106,162.72007
-921.284033,84,162.825787
46.222845,240,163.152912
62.130744,240,163.494196
-14.333412,240,163.842121
294.211623,240,164.167681
182.027485,240,164.489543
186.026784,240,164.81974
53.669727,240,165.135487
198.862414,240,165.470784
388.604742,240,165.805886
39.286487,240,166.136354
75.515825,240,166.470611
169.467979,240,166.818239
295.144299,240,167.143131
85.827686,240,167.473018
180.603818,240,167.786728
176.723742,240,168.121881
174.90717,240,168.448276
-933.93461,162,168.666274
-30.706538,240,169.007024
400.835948,240,169.345502
99.579566,240,169.679162
-1024.804443,73,169.786877
-1026.011497,94,169.910339
88.078026,240,170.236931
-949.305861,237,170.547427
95.035629,240,170.885251
-942.546219,174,171.141108
374.146655,240,171.463785
77.954628,240,171.787691
-60.486442,240,172.128287
184.132051,240,172.479807
278.089781,240,172.825274
286.544226,240,173.144404
162.371201,240,173.502251
-6.903271,240,173.823577
-919.594601,235,174.148448
-722.343637,239,174.462546
-1016.731624,83,174.580936
-909.268217,122,174.761445
-812.288748,91,174.871829
-1010.509421,66,174.95361
-916.084557,137,175.128791
-1006.848059,44,175.184642
-813.816993,142,175.377478
-825.926583,174,175.604462
-1012.659687,68,175.694221
-1015.853279,108,175.854531
-918.642691,140,176.056699
-1014.972494,136,176.234225
-912.78319,70,176.325995
-916.228642,132,176.509504
-915.955626,124,176.676059
-715.156409,216,176.970999
-916.328841,115,177.128578
-44.956656,240,177.461276
45.967481,240,177.781013
74.37732,240,178.1287
90.49692,240,178.457089
592.532905,240,178.796785
75.945762,240,179.153169
-15.53515,240,179.484178
168.058041,240,179.822273
288.095173,240,180.139207
180.939339,240,180.484045
180.944387,240,180.815004
75.619264,240,181.156709
70.292178,240,181.492046
191.959804,240,181.831842
85.095724,240,182.156385
176.895637,240,182.501201
793.306817,240,182.829258
167.041359,240,183.147582
184.757314,240,183.449226
-919.852469,161,183.649531
77.782154,240,183.965022
192.072449,240,184.273058
88.369806,240,184.580137
75.37691,240,184.903126
-847.333222,183,185.141131
-942.045432,178,185.373149
-918.782461,83,185.491137
-825.462916,136,185.658096
-716.148234,106,185.792119
-735.176712,204,186.058254
-822.00291,89,186.165252
-938.28027,129,186.332202
256.18997,240,186.650177
276.438793,240,186.973164
-834.122725,143,187.153249
-1023.944879,100,187.278284
-824.017652,113,187.420321
-1040.960981,189,187.652288
49.383375,240,187.949275
282.791723,240,188.274389
-826.561856,151,188.479784
-1021.677925,80,188.584273
-1022.41391,82,188.677413
-826.360985,134,188.843392
-828.036295,107,188.990222
-1032.066656,164,189.188267
-548.097041,229,189.493393
36.774657,240,189.799908
290.835129,240,190.108434
291.512934,240,190.417416
143.225437,240,190.723484
378.974713,240,191.042526
-1097.021804,216,191.331527
188.73272,240,191.624506
280.440792,240,191.935539
-817.590475,113,192.088517
-911.922938,81,192.185536
-812.682659,230,192.47659
-908.286576,47,192.535584
-20.661854,240,192.834639
-1006.743661,45,192.898715
-609.219548,98,193.01263
294.253142,240,193.31268
-921.705414,98,193.444662
-809.942781,130,193.606612
-713.367356,101,193.737671
-809.341545,181,193.992919
393.513871,240,194.301687
490.108191,240,194.592725
384.225133,240,194.910231
-820.345705,191,195.132742
-1006.790743,51,195.203743
-1010.573231,88,195.317749
488.921335,240,195.610859
-822.503093,147,195.805797
166.221589,240,196.116755
378.972746,240,196.411816
-1024.450576,103,196.526806
-1020.073445,65,196.602856
-1019.760435,84,196.722873
-916.069792,58,196.808012
-913.837971,71,196.891983
-1014.909684,54,196.960947
-917.826531,68,197.041857
-1018.22126,74,197.139915
262.354874,240,197.458055
481.751344,240,197.781952
149.987432,240,198.101018
484.682226,240,198.41104
-523.643617,196,198.657991
-907.131123,71,198.754061
-915.062693,98,198.885
392.620002,240,199.183981
-827.179966,201,199.45308
-810.905843,79,199.552983
-914.208997,110,199.696042
-916.067841,125,199.859027
-1012.01662,101,199.991123
-807.549152,58,200.065048
-922.098386,66,200.152074
-1009.848705,36,200.194098
-1006.489237,54,200.263068
-1007.592375,52,200.319125
-913.508808,81,200.426094
-810.970908,205,200.690997
-912.512681,65,200.774818
-616.276104,214,201.049994
-1008.132654,53,201.117845
-1006.505089,51,201.185769
179.404582,240,201.502677
-907.159901,65,201.582448
-1005.77188,61,201.658342
-909.128077,44,201.713201
-906.665895,65,201.794261
-916.52432,97,201.918208
-913.656797,102,202.047221
-824.754441,165,202.269253
-914.605197,113,202.421315
-1032.383672,187,202.664237
-1027.900994,98,202.797226
-913.976815,55,202.868366
-1026.385306,86,202.978267
-1027.878432,138,203.147284
-1013.046701,64,203.233376
-918.966642,167,203.44524
147.546675,240,203.759328
169.617892,240,204.07935
-31.936798,240,204.398425
282.797385,240,204.701396
259.131705,240,205.040445
393.245653,240,205.348443
183.05976,240,205.665429
-706.709835,170,205.88839
394.499206,240,206.178515
-708.453406,80,206.275491
-815.385887,170,206.490706
282.848999,240,206.797482
-619.176258,164,207.002564
81.232549,240,207.329542
487.182165,240,207.638634
284.492058,240,207.954614
274.012437,240,208.271684
-856.166014,228,208.558664
61.97718,240,208.855728
169.069228,240,209.159589
-916.637898,103,209.296721
-943.615806,187,209.524723
-952.686791,135,209.703742
-924.265426,154,209.900727
-915.78788,66,209.987753
382.919572,240,210.283741
365.843269,240,210.598801
284.371227,240,210.922004
-632.615713,191,211.160754
-917.188844,67,211.254763
579.90517,240,211.549834
-1014.508935,61,211.635844
132.702861,240,211.955833
176.493066,240,212.274903
-922.779279,123,212.441906
82.462184,240,212.747916
-813.19382,123,212.912964
256.786091,240,213.217986
-1008.297775,42,213.268948
-908.997092,75,213.363992
74.686767,240,213.658943
348.54108,240,213.962018
-816.871751,126,214.132984
-920.041148,92,214.24801
-531.649667,238,214.552094
-1014.850018,74,214.649961
-942.664407,187,214.878061
47.941342,240,215.184142
-817.904361,175,215.399107
-847.406406,136,215.569082
-834.389131,139,215.753139
-1013.117723,106,215.881124
-927.21772,76,215.968184
-922.129837,74,216.068176
-957.601317,155,216.282249
-825.086401,156,216.47823
-909.055085,69,216.57323
-913.700051,83,216.679185
-929.54569,109,216.815185
-928.880769,170,217.04926
-913.975619,182,217.288186
-813.170271,112,217.436254
-1035.39493,148,217.632281
-14.301637,240,217.923314
78.562363,240,218.238192
77.186454,240,218.545358
278.546226,240,218.871374
-658.784008,221,219.139369
-638.501118,136,219.308297
-932.382818,130,219.473404
-939.214412,180,219.715415
-952.160364,164,219.933455
-1050.907894,182,220.179442
165.04609,240,220.475467
152.974712,240,220.785518
337.804488,240,221.103466
-817.007834,171,221.318524
-924.349777,136,221.490543
-916.173561,143,221.678508
-1015.635309,68,221.765619
-910.732392,59,221.840489
-809.658344,60,221.915542
-915.891711,107,222.050611
-914.716027,77,222.145516
-929.427687,92,222.252609
-1040.635926,231,222.551584
-922.062482,98,222.692609
260.498549,240,223.005647
186.654159,240,223.328616
273.322194,240,223.649657
377.383893,240,223.952079
266.278056,240,224.285729
280.885179,240,224.58224
482.577755,240,224.892767
-818.253824,171,225.129762
-1019.922839,89,225.242826
-1017.151232,74,225.332783
-934.728756,110,225.478775
-922.472757,77,225.575887
-920.481734,72,225.675922
-1014.840166,52,225.746765
-514.435594,91,225.871839
-814.502958,66,225.956774
-1019.629994,113,226.08977
-916.147676,69,226.177796
-822.298798,86,226.29484
-845.26442,173,226.511785
270.441021,240,226.808872
485.261146,240,227.117889
384.264704,240,227.407911
255.193266,240,227.712394
285.87608,240,228.012035
351.754192,240,228.320975
481.688857,240,228.61301
147.425897,240,228.917991
136.536496,240,229.220084
255.333995,240,229.523071
-940.779031,197,229.769211
-927.009655,124,229.927001
-913.158522,104,230.074072
-1015.80632,93,230.202062
-930.169614,87,230.320131
-821.73087,106,230.458099
463.831539,240,230.773883
-1029.964868,135,230.953519
150.130684,240,231.254981
-724.952443,147,231.446492
-936.189985,158,231.636534
-631.70201,233,231.934301
-626.935096,184,232.155211
-927.88254,114,232.314165
388.481817,240,232.636153
266.355092,240,232.973212
146.919698,240,233.291266
374.394336,240,233.595335
168.267251,240,233.887299
160.431043,240,234.213589
237.031736,240,234.511464
153.090511,240,234.807407
273.610898,240,235.120347
361.332916,240,235.427356
279.853351,240,235.726167
686.106088,240,236.050496
-850.91627,156,236.269449
-529.898353,133,236.435513
161.959192,240,236.746648
-859.130218,232,237.04358
-622.647176,110,237.177554
151.928922,240,237.50561
-819.911546,181,237.742602
-913.905154,88,237.861587
-915.194989,61,237.940606
-1026.3603,85,238.040646
-922.840322,78,238.156623
376.374846,240,238.455685
271.490334,240,238.780651
375.759987,240,239.104953
280.864485,240,239.429756
231.423455,240,239.745129
138.69454,240,240.053953
-723.987709,137,240.227103
-622.405496,224,240.510135
49.787954,240,240.81586
70.021315,240,241.126816
276.415281,240,241.429487
253.655288,240,241.734725
-819.863338,91,241.853549
-960.341852,164,242.075182
-757.207408,232,242.391066
559.585103,240,242.706466
-858.264996,236,243.012865
560.538251,240,243.32572
159.946555,240,243.620224
-942.838153,167,243.831383
141.623225,240,244.135398
-623.268798,186,244.374393
125.090049,240,244.685248
-746.739671,215,244.957191
243.140616,240,245.263429
582.734407,240,245.564233
-619.009496,171,245.784174
-862.672002,184,246.032535
-922.461847,80,246.144249
-727.826029,115,246.304203
-725.151934,88,246.437239
-722.826628,77,246.556969
-813.911292,66,246.647776
-836.103696,98,246.780954
-913.315179,57,246.861318
-917.519728,64,246.938115
-728.168441,201,247.211103
262.626504,240,247.522319
251.656811,240,247.855546
-822.598758,102,247.992276
-325.506297,181,248.208262
-919.958527,66,248.290555
-752.576727,232,248.593404
170.4164,240,248.902988
331.850965,240,249.23375
264.272035,240,249.555817
-820.271564,78,249.662603
-1040.590845,155,249.85279
248.512954,240,250.147701
161.929873,240,250.485575
170.667084,240,250.78737
884.14102,240,251.075967
255.494508,240,251.380777
-721.818102,174,251.595376
154.742036,240,251.899328
-813.259936,69,251.984724
-813.906319,81,252.087452
252.769455,240,252.394753
-711.926791,65,252.473548
-909.861251,38,252.51994
-909.144019,42,252.574859
-1014.86003,63,252.652696
-1022.484454,84,252.75295
-917.757181,68,252.836747
-1010.317834,61,252.91605
-1008.984251,37,252.961935
-914.241981,55,253.04073
-1021.116384,91,253.148974
-909.634226,57,253.219809
-915.231171,47,253.27667
-1012.40019,63,253.35897
-664.254363,221,253.650864
-912.544838,53,253.715799
-908.629771,48,253.775796
-912.604491,57,253.848786
-816.923861,74,253.948028
-811.854681,80,254.040785
-1016.238889,132,254.217834
-1018.899477,84,254.323659
-1011.569991,47,254.384132
-1015.654132,62,254.469057
-912.548653,56,254.535924
-909.556443,60,254.612733
-1058.135444,135,254.792817
-809.512625,53,254.869042
-1045.862881,232,255.160031
-1023.787421,110,255.283859
-915.939043,92,255.410923
-1017.994781,89,255.525621
-909.08528,43,255.580076
-1022.400599,74,255.676788
-918.333108,63,255.759669
-1031.921208,113,255.915338
-0.293002,240,256.237432
-925.470582,85,256.3493
-1026.427373,125,256.51214
-811.356064,80,256.626068
250.096536,240,256.922969
111.534132,240,257.255047
764.428226,240,257.558969
263.494948,240,257.863293
-826.287865,94,257.982018
517.724665,240,258.298835
-430.520694,164,258.520555
256.594571,240,258.854236
-917.78399,81,258.956002
-820.491983,105,259.091605
-1024.100146,88,259.205823
-922.389266,73,259.306572
583.260133,240,259.616029
-815.418503,84,259.71652
-825.98529,127,259.889092
-814.236045,101,260.014369
-434.123349,184,260.260093
-122.392353,240,260.581076
-814.382146,99,260.703828
-915.911028,79,260.810754
-1016.990108,67,260.906601
-979.025577,205,261.170351
-720.074224,111,261.316513
22.247251,240,261.613271
151.104559,240,261.93374
-936.345177,143,262.118381
-913.951752,64,262.200185
-912.783811,79,262.307571
-947.814548,209,262.584646
-632.330858,176,262.805573
-958.304475,219,263.10257
550.955239,240,263.42563
